Workbook

Sheet Beschreibung
B2: Erstellen Sie für Ihr Beispielprojekt ein Risikoregister
B4: Identifizieren Sie
B5: - ein Risiko je Risiko-Art (Organisatorisch, Technisch, Kundenbezogen, Extern)
B6: - ein Risiko mit zwei unterschiedlichen Ursachen (= 2 Zeilen im Risikoregister)
B7: - ein Risiko mit derselben Ursache, aber verschiedenen Maßnahmen (= 2 Zeilen im Risikoregister)
B8: - ein Risiko mit derselben Ursache, aber je einer vorbeugenden und einer reaktiven Maßnahme (= 2 Zeilen im Risikoregister)
B9: - ein Risiko mit derselben Ursache und zwei unterschiedlich teuren Maßnahmen (entweder beide vorbeugend oder beide reaktiv) (= 2 Zeilen im Risikoregister)
B11: Ausfüllbeispiel
B13: Nr. | C13: Status | D13: Risiko | H13: Bewertung ohne Maßnahme | K13: Maßnahme | N13: Bewertung mit Maßnahme | Q13: Überwachung
D14: Ereignis | E14: Art des Risikos | F14: Ursache | G14: Auswirkung | H14: Eintritts-Wahrsch'keit | I14: Auswirkung | J14: Erwartungs-wert | K14: Beschreibung der Maßnahme | L14: Wirkungsbereich | M14: Kosten | N14: Eintritts-Wahrsch'keit | O14: Auswirkung | P14: Erwartungs-wert
B15: 1 | C15: Eingetreten | D15: Sitze im Büro ohne Lesebrille | E15: Organisatorisch | F15: Brille zu Hause vergessen | G15: Nicht arbeitsfähig | H15: Mittel | I15: Kritisch | J15: =(VLOOKUP(I15,Bewertungsmatrix!$A$3:$C$5,2))*(VLOOKUP(H15,Bewertungsmatrix!$A$8:$C$10,2)) -> 60 | K15: Spiegel innen an die Wohnungstür hängen | L15: Vorbeugend | M15: Hoch | N15: Mittel | O15: Kritisch | P15: =(VLOOKUP(O15,Bewertungsmatrix!$A$3:$C$5,2))*(VLOOKUP(N15,Bewertungsmatrix!$A$8:$C$10,2)) -> 60 | Q15: Brillenbesitzerin
B16: 2 | C16: Eingetreten | D16: Sitze im Büro ohne Lesebrille | E16: Organisatorisch | F16: Brille zu Hause vergessen | G16: Nicht arbeitsfähig | H16: Mittel | I16: Kritisch | J16: =(VLOOKUP(I16,Bewertungsmatrix!$A$3:$C$5,2))*(VLOOKUP(H16,Bewertungsmatrix!$A$8:$C$10,2)) -> 60 | K16: Ersatzbrille im Büro deponieren | L16: Soforthilfe (reaktiv) | M16: Niedrig | N16: Gering | O16: Kritisch | P16: =(VLOOKUP(O16,Bewertungsmatrix!$A$3:$C$5,2))*(VLOOKUP(N16,Bewertungsmatrix!$A$8:$C$10,2)) -> 30 | Q16: Brillenbesitzerin
B17: 3 | C17: Monitoring | D17: Sitze im Büro ohne Lesebrille | E17: Organisatorisch | F17: Brille auf dem Weg kaputtgegangen | G17: Nicht arbeitsfähig | H17: Gering | I17: Kritisch | J17: =(VLOOKUP(I17,Bewertungsmatrix!$A$3:$C$5,2))*(VLOOKUP(H17,Bewertungsmatrix!$A$8:$C$10,2)) -> 30 | K17: Stabilere Brille kaufen | L17: Vorbeugend | M17: Sehr hoch | N17: Gering | O17: Kritisch | P17: =(VLOOKUP(O17,Bewertungsmatrix!$A$3:$C$5,2))*(VLOOKUP(N17,Bewertungsmatrix!$A$8:$C$10,2)) -> 30 | Q17: Brillenbesitzerin
B18: 4 | C18: Monitoring | D18: Sitze im Büro ohne Lesebrille | E18: Organisatorisch | F18: Brille auf dem Weg kaputtgegangen | G18: Nicht arbeitsfähig | H18: Gering | I18: Kritisch | J18: =(VLOOKUP(I18,Bewertungsmatrix!$A$3:$C$5,2))*(VLOOKUP(H18,Bewertungsmatrix!$A$8:$C$10,2)) -> 30 | K18: Nach Hause gehen und die Brille holen | L18: Soforthilfe (reaktiv) | M18: Mittel | N18: Mittel | O18: Gewöhnlich | P18: =(VLOOKUP(O18,Bewertungsmatrix!$A$3:$C$5,2))*(VLOOKUP(N18,Bewertungsmatrix!$A$8:$C$10,2)) -> 18 | Q18: Brillenbesitzerin
B19: 5 | C19: Monitoring | D19: Sitze im Büro ohne Lesebrille | E19: Organisatorisch | F19: Brille auf dem Weg kaputtgegangen | G19: Nicht arbeitsfähig | H19: Gering | I19: Kritisch | J19: =(VLOOKUP(I19,Bewertungsmatrix!$A$3:$C$5,2))*(VLOOKUP(H19,Bewertungsmatrix!$A$8:$C$10,2)) -> 30 | K19: Schnell eine billige Lesebrille kaufen | L19: Soforthilfe (reaktiv) | M19: Hoch | N19: Gering | O19: Hoch | P19: =(VLOOKUP(O19,Bewertungsmatrix!$A$3:$C$5,2))*(VLOOKUP(N19,Bewertungsmatrix!$A$8:$C$10,2)) -> 18 | Q19: Brillenbesitzerin

Sheet Risikoregister
B2: Nr. | C2: Status | D2: Risiko | H2: Bewertung ohne Maßnahme | K2: Maßnahme | N2: Bewertung mit Maßnahme | Q2: Überwachung
D3: Ereignis | E3: Art des Risikos | F3: Ursache | G3: Auswirkung | H3: Eintritts-Wahrsch'keit | I3: Auswirkung | J3: Erwartungs-wert | K3: Beschreibung der Maßnahme | L3: Wirkungsbereich | M3: Kosten | N3: Eintritts-Wahrsch'keit | O3: Auswirkung | P3: Erwartungs-wert
D4: Was kann passieren? | E4: Welcher Bereich ist betroffen? | F4: Was verursacht das Risiko? | G4: Was sind die unmittelbaren Auswirkungen? | H4: W | I4: A | J4: = A x W | K4: Wie genau sieht die Maßnahme aus? | L4: Senkt die Eintritts-wahrscheinlichkeit oder Sofortmaßnahme bei Eintritt? | M4: Wie teuer ist das Ergreifen der Maßnahmen? | N4: W | O4: A | P4: = A x W | Q4: Wer überwacht das Risiko? (Rolle)
B5: 1 | C5: Monitoring | D5: Zeitplanverzug vor Prototyp/Abgabe | E5: Organisatorisch | F5: Umfang der funktionalen Anforderungen ist zu unklar oder wächst nachträglich | G5: Prototyp wird nicht rechtzeitig fertig, Anforderungen bleiben offen | H5: Mittel | I5: Hoch | J5: =(VLOOKUP(I5,Bewertungsmatrix!$A$3:$C$5,2))*(VLOOKUP(H5,Bewertungsmatrix!$A$8:$C$10,2)) -> 36 | K5: Soforthilfe: Muss-/Kann-Anforderungen sofort trennen, Kann-Funktionen in Backlog verschieben und nur den MVP für Prototyp/Abgabe fertigstellen | L5: Soforthilfe (reaktiv) | M5: Niedrig | N5: Mittel | O5: Gewöhnlich | P5: =(VLOOKUP(O5,Bewertungsmatrix!$A$3:$C$5,2))*(VLOOKUP(N5,Bewertungsmatrix!$A$8:$C$10,2)) -> 18 | Q5: Projektleitung
B6: 2 | C6: Monitoring | D6: Zeitplanverzug vor Prototyp/Abgabe | E6: Organisatorisch | F6: Entwicklungsaufwand wird unterschätzt, besonders bei Backend/Frontend-Integration | G6: Meilenstein 3 und Präsentation geraten unter Zeitdruck | H6: Mittel | I6: Hoch | J6: =(VLOOKUP(I6,Bewertungsmatrix!$A$3:$C$5,2))*(VLOOKUP(H6,Bewertungsmatrix!$A$8:$C$10,2)) -> 36 | K6: Soforthilfe: kritische Tickets gemeinsam bearbeiten, Integration priorisieren und unfertige Nebenfunktionen für die Demo deaktivieren | L6: Soforthilfe (reaktiv) | M6: Niedrig | N6: Mittel | O6: Gewöhnlich | P6: =(VLOOKUP(O6,Bewertungsmatrix!$A$3:$C$5,2))*(VLOOKUP(N6,Bewertungsmatrix!$A$8:$C$10,2)) -> 18 | Q6: Projektleitung
B7: 3 | C7: Monitoring | D7: Zeitplanverzug vor Prototyp/Abgabe | E7: Organisatorisch | F7: Krankheit, Prüfungen oder Ausfall einzelner Teammitglieder | G7: Aufgaben bleiben liegen, Wissen ist nur bei einer Person vorhanden | H7: Mittel | I7: Hoch | J7: =(VLOOKUP(I7,Bewertungsmatrix!$A$3:$C$5,2))*(VLOOKUP(H7,Bewertungsmatrix!$A$8:$C$10,2)) -> 36 | K7: Soforthilfe: Aufgaben der ausgefallenen Person direkt neu verteilen, offene Tickets verkleinern und Wissen über kurze Übergabe sichern | L7: Soforthilfe (reaktiv) | M7: Niedrig | N7: Mittel | O7: Gewöhnlich | P7: =(VLOOKUP(O7,Bewertungsmatrix!$A$3:$C$5,2))*(VLOOKUP(N7,Bewertungsmatrix!$A$8:$C$10,2)) -> 18 | Q7: Projektleitung
B8: 4 | C8: Monitoring | D8: Unberechtigter Zugriff auf geschützte Funktionen | E8: Technisch | F8: Rollen- und Rechteprüfung wird in API-Endpunkten vergessen oder falsch umgesetzt | G8: Nutzer könnten Admin-/Verwaltungsfunktionen ausführen; Datenschutz- und Vertrauensschaden | H8: Mittel | I8: Kritisch | J8: =(VLOOKUP(I8,Bewertungsmatrix!$A$3:$C$5,2))*(VLOOKUP(H8,Bewertungsmatrix!$A$8:$C$10,2)) -> 60 | K8: Vorbeugend: RBAC-Konzept, Rechteprüfung im Backend, Code-Review und Tests nach BSI-Prinzip Rechte/Rollen | L8: Vorbeugend | M8: Mittel | N8: Gering | O8: Hoch | P8: =(VLOOKUP(O8,Bewertungsmatrix!$A$3:$C$5,2))*(VLOOKUP(N8,Bewertungsmatrix!$A$8:$C$10,2)) -> 18 | Q8: Backend-Verantwortlicher
B9: 5 | C9: Monitoring | D9: Unberechtigter Zugriff auf geschützte Funktionen | E9: Technisch | F9: Rollen- und Rechteprüfung wird in API-Endpunkten vergessen oder falsch umgesetzt | G9: Nutzer könnten Admin-/Verwaltungsfunktionen ausführen; Datenschutz- und Vertrauensschaden | H9: Mittel | I9: Kritisch | J9: =(VLOOKUP(I9,Bewertungsmatrix!$A$3:$C$5,2))*(VLOOKUP(H9,Bewertungsmatrix!$A$8:$C$10,2)) -> 60 | K9: Soforthilfe: betroffene Admin-Endpunkte vorübergehend sperren, Rollenrechte zurücksetzen, Logs prüfen und fehlerhafte Freigaben rückgängig machen | L9: Soforthilfe (reaktiv) | M9: Niedrig | N9: Mittel | O9: Hoch | P9: =(VLOOKUP(O9,Bewertungsmatrix!$A$3:$C$5,2))*(VLOOKUP(N9,Bewertungsmatrix!$A$8:$C$10,2)) -> 36 | Q9: Backend-Verantwortlicher
B10: 6 | C10: Monitoring | D10: Datenverlust im Repository oder bei Projektdateien | E10: Technisch | F10: Fehlerhafte Commits, versehentliches Löschen oder fehlende Sicherung wichtiger Dateien | G10: Arbeitsstand geht verloren, Nacharbeit nötig, Abgabe verzögert sich | H10: Gering | I10: Hoch | J10: =(VLOOKUP(I10,Bewertungsmatrix!$A$3:$C$5,2))*(VLOOKUP(H10,Bewertungsmatrix!$A$8:$C$10,2)) -> 18 | K10: Soforthilfe: letzten stabilen Stand aus Git-History wiederherstellen, fehlerhaften Commit revertieren und verlorene Dateien aus Branch/Backup zurückholen | L10: Soforthilfe (reaktiv) | M10: Niedrig | N10: Gering | O10: Gewöhnlich | P10: =(VLOOKUP(O10,Bewertungsmatrix!$A$3:$C$5,2))*(VLOOKUP(N10,Bewertungsmatrix!$A$8:$C$10,2)) -> 9 | Q10: Alle Entwickler
B11: 7 | C11: Monitoring | D11: Datenschutzproblem durch falsche Speicherung von Nutzerdaten | E11: Technisch | F11: Zu viele personenbezogene Daten werden gespeichert oder Logs enthalten sensible Informationen | G11: Nachbesserung nötig, mögliche Datenschutzverstöße und Vertrauensverlust | H11: Mittel | I11: Hoch | J11: =(VLOOKUP(I11,Bewertungsmatrix!$A$3:$C$5,2))*(VLOOKUP(H11,Bewertungsmatrix!$A$8:$C$10,2)) -> 36 | K11: Soforthilfe: betroffene Logs/Daten sofort löschen, Zugriff einschränken, Datenschutzverantwortliche informieren und Nutzerinformation vorbereiten | L11: Soforthilfe (reaktiv) | M11: Niedrig | N11: Mittel | O11: Gewöhnlich | P11: =(VLOOKUP(O11,Bewertungsmatrix!$A$3:$C$5,2))*(VLOOKUP(N11,Bewertungsmatrix!$A$8:$C$10,2)) -> 18 | Q11: Backend/Projektleitung
B12: 8 | C12: Monitoring | D12: Frontend und Backend passen nicht zusammen | E12: Technisch | F12: API-Schnittstellen sind nicht eindeutig dokumentiert oder ändern sich ohne Abstimmung | G12: Funktionen funktionieren in der Demo nicht, Integration kostet zusätzliche Zeit | H12: Mittel | I12: Hoch | J12: =(VLOOKUP(I12,Bewertungsmatrix!$A$3:$C$5,2))*(VLOOKUP(H12,Bewertungsmatrix!$A$8:$C$10,2)) -> 36 | K12: Soforthilfe: gemeinsamen Integrationstermin ansetzen, Schnittstellenfehler als Bugfix-Liste sammeln und DTOs kurzfristig angleichen | L12: Soforthilfe (reaktiv) | M12: Niedrig | N12: Mittel | O12: Gewöhnlich | P12: =(VLOOKUP(O12,Bewertungsmatrix!$A$3:$C$5,2))*(VLOOKUP(N12,Bewertungsmatrix!$A$8:$C$10,2)) -> 18 | Q12: Frontend- und Backend-Team
B13: 9 | C13: Monitoring | D13: Deployment oder Vorführung funktioniert nicht | E13: Technisch | F13: Unterschiede zwischen Entwicklungsumgebung und Vorführumgebung, fehlende Umgebungsvariablen | G13: Projekt kann in der Präsentation nicht zuverlässig gezeigt werden | H13: Mittel | I13: Kritisch | J13: =(VLOOKUP(I13,Bewertungsmatrix!$A$3:$C$5,2))*(VLOOKUP(H13,Bewertungsmatrix!$A$8:$C$10,2)) -> 60 | K13: Soforthilfe: lokale Demo, Screenshots oder kurzes Video nutzen, falls Deployment ausfällt; parallele Fehlerbehebung nur für kritische Demo-Funktionen | L13: Soforthilfe (reaktiv) | M13: Niedrig | N13: Mittel | O13: Hoch | P13: =(VLOOKUP(O13,Bewertungsmatrix!$A$3:$C$5,2))*(VLOOKUP(N13,Bewertungsmatrix!$A$8:$C$10,2)) -> 36 | Q13: DevOps/Projektleitung
B14: 10 | C14: Monitoring | D14: Nutzer akzeptieren die Lösung nicht | E14: Kundenbezogen | F14: Oberfläche oder Gruppenfunktion ist für Studierende/Verwaltung nicht verständlich genug | G14: Feature wird trotz technischer Umsetzung kaum genutzt oder schlecht bewertet | H14: Mittel | I14: Hoch | J14: =(VLOOKUP(I14,Bewertungsmatrix!$A$3:$C$5,2))*(VLOOKUP(H14,Bewertungsmatrix!$A$8:$C$10,2)) -> 36 | K14: Soforthilfe: unklare UI-Stellen kurzfristig vereinfachen, Hilfetexte ergänzen und in der Präsentation den vorgesehenen Nutzerfluss erklären | L14: Soforthilfe (reaktiv) | M14: Niedrig | N14: Mittel | O14: Gewöhnlich | P14: =(VLOOKUP(O14,Bewertungsmatrix!$A$3:$C$5,2))*(VLOOKUP(N14,Bewertungsmatrix!$A$8:$C$10,2)) -> 18 | Q14: Product Owner/UX
B15: 11 | C15: Monitoring | D15: Externe Dienste oder Hochschulsysteme sind nicht verfügbar | E15: Extern | F15: Abhängigkeit von externen Systemen wie Moodle, Mail oder Hochschul-Login | G15: Bestimmte Funktionen sind zeitweise nicht nutzbar | H15: Gering | I15: Hoch | J15: =(VLOOKUP(I15,Bewertungsmatrix!$A$3:$C$5,2))*(VLOOKUP(H15,Bewertungsmatrix!$A$8:$C$10,2)) -> 18 | K15: Soforthilfe: klare Fehlermeldung anzeigen, Funktion temporär deaktivieren und manuelle Alternative bzw. erneuten Versuch anbieten | L15: Soforthilfe (reaktiv) | M15: Niedrig | N15: Gering | O15: Gewöhnlich | P15: =(VLOOKUP(O15,Bewertungsmatrix!$A$3:$C$5,2))*(VLOOKUP(N15,Bewertungsmatrix!$A$8:$C$10,2)) -> 9 | Q15: Backend/Projektleitung
B16: 12 | C16: Eingetreten | D16: Github Copilot Abrechnung wird viel schlechter | E16: Extern | F16: Github Copilot verändert das bezahlmodel so schlecht dass es ohne viel Geld schwer wird z u entwickeln | G16: sehr viel unproduktivere Entwicklung | H16: Mittel | I16: Kritsch | J16: =(VLOOKUP(I16,Bewertungsmatrix!$A$3:$C$5,2))*(VLOOKUP(H16,Bewertungsmatrix!$A$8:$C$10,2)) -> 60 | K16: Soforthilfe : Umsteigen auf Codex | L16: Soforthilfe (reaktiv) | M16: Mittel | N16: Gering | O16: Mittel | P16: =(VLOOKUP(O16,Bewertungsmatrix!$A$3:$C$5,2))*(VLOOKUP(N16,Bewertungsmatrix!$A$8:$C$10,2)) -> 30
J17: =(VLOOKUP(I17,Bewertungsmatrix!$A$3:$C$5,2))*(VLOOKUP(H17,Bewertungsmatrix!$A$8:$C$10,2)) -> #N/A | P17: =(VLOOKUP(O17,Bewertungsmatrix!$A$3:$C$5,2))*(VLOOKUP(N17,Bewertungsmatrix!$A$8:$C$10,2)) -> #N/A
J18: =(VLOOKUP(I18,Bewertungsmatrix!$A$3:$C$5,2))*(VLOOKUP(H18,Bewertungsmatrix!$A$8:$C$10,2)) -> #N/A | P18: =(VLOOKUP(O18,Bewertungsmatrix!$A$3:$C$5,2))*(VLOOKUP(N18,Bewertungsmatrix!$A$8:$C$10,2)) -> #N/A
J19: =(VLOOKUP(I19,Bewertungsmatrix!$A$3:$C$5,2))*(VLOOKUP(H19,Bewertungsmatrix!$A$8:$C$10,2)) -> #N/A | P19: =(VLOOKUP(O19,Bewertungsmatrix!$A$3:$C$5,2))*(VLOOKUP(N19,Bewertungsmatrix!$A$8:$C$10,2)) -> #N/A
J20: =(VLOOKUP(I20,Bewertungsmatrix!$A$3:$C$5,2))*(VLOOKUP(H20,Bewertungsmatrix!$A$8:$C$10,2)) -> #N/A | P20: =(VLOOKUP(O20,Bewertungsmatrix!$A$3:$C$5,2))*(VLOOKUP(N20,Bewertungsmatrix!$A$8:$C$10,2)) -> #N/A
J21: =(VLOOKUP(I21,Bewertungsmatrix!$A$3:$C$5,2))*(VLOOKUP(H21,Bewertungsmatrix!$A$8:$C$10,2)) -> #N/A | P21: =(VLOOKUP(O21,Bewertungsmatrix!$A$3:$C$5,2))*(VLOOKUP(N21,Bewertungsmatrix!$A$8:$C$10,2)) -> #N/A
J22: =(VLOOKUP(I22,Bewertungsmatrix!$A$3:$C$5,2))*(VLOOKUP(H22,Bewertungsmatrix!$A$8:$C$10,2)) -> #N/A | P22: =(VLOOKUP(O22,Bewertungsmatrix!$A$3:$C$5,2))*(VLOOKUP(N22,Bewertungsmatrix!$A$8:$C$10,2)) -> #N/A
J23: =(VLOOKUP(I23,Bewertungsmatrix!$A$3:$C$5,2))*(VLOOKUP(H23,Bewertungsmatrix!$A$8:$C$10,2)) -> #N/A | P23: =(VLOOKUP(O23,Bewertungsmatrix!$A$3:$C$5,2))*(VLOOKUP(N23,Bewertungsmatrix!$A$8:$C$10,2)) -> #N/A
J24: =(VLOOKUP(I24,Bewertungsmatrix!$A$3:$C$5,2))*(VLOOKUP(H24,Bewertungsmatrix!$A$8:$C$10,2)) -> #N/A | P24: =(VLOOKUP(O24,Bewertungsmatrix!$A$3:$C$5,2))*(VLOOKUP(N24,Bewertungsmatrix!$A$8:$C$10,2)) -> #N/A

Sheet Tabelle1
A2: Ereignis | B2: Auswirkung | C2: Eintritts-Wahrsch'keit | D2: Kosten | E2: Art des Risikos | F2: Wirkungsbereich
A3: Risko 1 | B3: Hoch | C3: Gering | D3: Sehr hoch | E3: Organisatorisch | F3: Vorbeugend
A4: Risko 2 | B4: Hoch | C4: Mittel | D4: Hoch | E4: Technisch | F4: Soforthilfe (reaktiv)
A5: Risko 3 | B5: Kritisch | C5: Sehr hoch | D5: Mittel | E5: Kundenseitig
A6: Risko 4 | B6: Gewöhnlich | C6: Mittel | D6: Niedrig | E6: Extern
A7: Risko 5 | B7: Gewöhnlich | C7: Gering

Sheet Bewertungsmatrix
A2: Bewertung | B2: Prio | C2: Beschreibung
A3: Gewöhnlich | B3: 3 | C3: Normale Risiken haben Auswirkungen, die das Projekt aus eigener Kraft kompensieren Kann. Gegenmaßnahmen (falls erforderlich) sind bereits umgesetzt und für das Restrisiko sind ausreichende Zeit und Geldreserven allokiert. Die Auswirkungen auf die Projektziele sind gering.
A4: Hoch | B4: 6 | C4: Hohe Risiken haben erhebliche Auswirkungen auf die Projektziele. Obwohl die Projektdurchführung weiterhin möglich ist, braucht das Projekt beim Eintritt dieses Risikos Hilfe von außen.
A5: Kritisch | B5: 10 | C5: Kritische Risiken verhindern faktisch den Projekterfolg. Weder das Projekt noch die Sponsoren können die Auswirkungen kompensieren und ein Abbruch des Projekts ist sehr wahrscheinlich.
A7: Eintrittswahrscheinlichkeit | B7: Prio | C7: Beschreibung
A8: Gering | B8: 3 | C8: seltenes Auftreten
A9: Mittel | B9: 6 | C9: gelegentliches Auftreten
A10: Sehr hoch | B10: 10 | C10: häufiges Auftreten
